,round1,round2,round3,round4,round5,round6,round7,round8,round9,round10
small,0.5404571,0.54015714,0.54129523,0.5376237,0.54086405,0.5369224,0.5430463,0.5395087,0.54364485,0.536051
medium,0.5081116,0.5030145,0.49986616,0.5059909,0.51166546,0.5103137,0.5101705,0.51948,0.5133864,0.5123622
large,0.50758606,0.5055191,0.5032728,0.50203484,0.5210479,0.49263695,0.5138641,0.51099825,0.5077764,0.5079324
manual,0.5069827,0.5313203,0.5159674,0.5069481,0.43987805,0.48001146,0.4517009,0.47772855,0.44202778,0.493692
