,round1,round2,round3,round4,round5,round6,round7,round8,round9,round10
small,0.93556523,0.92832047,0.9320362,0.93376285,0.9363943,0.9310429,0.93058324,0.92845815,0.9330382,0.9290616
medium,0.8339709,0.7865869,0.81178653,0.8186615,0.81607485,0.8117787,0.7993259,0.7828647,0.8075651,0.8449411
large,0.5942645,0.6139961,0.5941492,0.61369103,0.5806883,0.5888992,0.5994469,0.6128824,0.5925071,0.6193658
manual,0.67570865,0.6815861,0.6728813,0.6726239,0.6830444,0.6745258,0.6936034,0.6793529,0.6756794,0.67872787
