,round1,round2,round3,round4,round5,round6,round7,round8,round9,round10
small,0.6307843,0.6302475,0.63246244,0.62472236,0.63182926,0.6295913,0.63204765,0.6329782,0.63270926,0.61869717
medium,0.5899497,0.5865008,0.5833558,0.5883115,0.59182763,0.59261835,0.59040743,0.5953135,0.5930155,0.5923974
large,0.56701547,0.57098967,0.569723,0.5677046,0.57998765,0.5696321,0.5775201,0.5727406,0.5698966,0.57166827
manual,0.5901245,0.58517367,0.6194902,0.61272603,0.5199993,0.56565356,0.54104066,0.56702745,0.5220785,0.5696391
