,round1,round2,round3,round4,round5,round6,round7,round8,round9,round10
small,0.5796745,0.5798212,0.57757866,0.5825578,0.582812,0.58095115,0.5793176,0.57820123,0.5790117,0.57977116
medium,0.5273463,0.5325427,0.5382018,0.53968537,0.5423758,0.5369225,0.5321538,0.5439964,0.53454494,0.53819114
large,0.4874908,0.4928695,0.49213237,0.4925661,0.490605,0.50229144,0.5145061,0.4945878,0.49866235,0.49008206
manual,0.5498087,0.5530504,0.55305606,0.55200815,0.55379796,0.5536257,0.5531459,0.55251014,0.55467254,0.5517808
