,round1,round2,round3,round4,round5,round6,round7,round8,round9,round10
small,0.9405661,0.941926,0.9403336,0.94039065,0.93982637,0.93984824,0.94094545,0.9402204,0.9409189,0.9394433
medium,0.8936272,0.90606385,0.9053131,0.89623153,0.91008663,0.90513355,0.9100621,0.90729463,0.9078568,0.91023535
large,0.7682897,0.77604425,0.7655872,0.77780557,0.76953906,0.76203024,0.7709601,0.7461282,0.7634014,0.77897745
manual,0.84468246,0.84725785,0.84676397,0.84765977,0.8473639,0.8498319,0.84554774,0.84825844,0.84819186,0.8470201
