,round1,round2,round3,round4,round5,round6,round7,round8,round9,round10
small,0.5592313,0.5632366,0.56085104,0.55875736,0.5585879,0.55946153,0.5630737,0.5596726,0.56270427,0.5558069
medium,0.4642679,0.4615806,0.46019605,0.46294147,0.46337536,0.46292603,0.46117997,0.4581597,0.46418202,0.461979
large,0.37862965,0.37730825,0.3766368,0.38097766,0.38517496,0.37640792,0.38091296,0.38583162,0.38825813,0.38391516
manual,0.45048404,0.44982764,0.45576942,0.45181975,0.44910762,0.445648,0.44835517,0.445916,0.44987622,0.453313
